simulation,L_0,kc1,kc2,kc3,kc4,kc5,kc6,kc7,kc8,kc9,kf0,kf1,kf2,kf3,kf4,kf5,kf6,kf7,kf8,kr0,kr1,kr2,kr3,kr4,kr5,kr6,kr7,kr8,MOMP_sig_0,USM1_0,USM2_0,USM3_0,kc0,TRAIL_conc
0,3000.0,0.3293555993946035,0.01092718274749643,0.02953305942514223,0.003390591042281409,8.496120256720222e-06,0.0051848572610866395,0.0039003962027215244,0.16779929893524126,8.285712780185141e-08,1.155949330868682e-07,1.9308364494918976e-06,1.48867282480569e-08,3.82096808556188e-06,1.6160929670043826e-05,8.691830819124296e-10,7.691742022159218e-07,1.9819548490104475e-05,1.7604007446693445e-05,1.0405613413024501e-05,0.0017144670166327456,0.06876310841811545,1.392299998101019e-05,0.017181813841895544,0.001156199031945081,0.0007354175896526466,0.00018218241561296968,0.0013485480390155733,121266.0970980103,749.8131779846296,847.0912826911701,1029.8892521252744,1.3120600529112064e-05,50ng/mL
1,3000.0,0.3293555993946035,0.01092718274749643,0.02953305942514223,0.003390591042281409,8.496120256720222e-06,0.0051848572610866395,0.0039003962027215244,0.16779929893524126,8.285712780185141e-08,1.155949330868682e-07,1.9308364494918976e-06,1.48867282480569e-08,3.82096808556188e-06,1.6160929670043826e-05,8.691830819124296e-10,7.691742022159218e-07,1.9819548490104475e-05,1.7604007446693445e-05,1.0405613413024501e-05,0.0017144670166327456,0.06876310841811545,1.392299998101019e-05,0.017181813841895544,0.001156199031945081,0.0007354175896526466,0.00018218241561296968,0.0013485480390155733,99710.30176556243,746.5412989733157,864.9349823093389,991.3490023451976,6.9467285384995494e-06,50ng/mL
2,3000.0,0.3293555993946035,0.01092718274749643,0.02953305942514223,0.003390591042281409,8.496120256720222e-06,0.0051848572610866395,0.0039003962027215244,0.16779929893524126,8.285712780185141e-08,1.155949330868682e-07,1.9308364494918976e-06,1.48867282480569e-08,3.82096808556188e-06,1.6160929670043826e-05,8.691830819124296e-10,7.691742022159218e-07,1.9819548490104475e-05,1.7604007446693445e-05,1.0405613413024501e-05,0.0017144670166327456,0.06876310841811545,1.392299998101019e-05,0.017181813841895544,0.001156199031945081,0.0007354175896526466,0.00018218241561296968,0.0013485480390155733,99449.47605597427,1088.26548722752,838.4966464237755,867.0257020154967,1.2871738814364092e-05,50ng/mL
3,3000.0,0.3293555993946035,0.01092718274749643,0.02953305942514223,0.003390591042281409,8.496120256720222e-06,0.0051848572610866395,0.0039003962027215244,0.16779929893524126,8.285712780185141e-08,1.155949330868682e-07,1.9308364494918976e-06,1.48867282480569e-08,3.82096808556188e-06,1.6160929670043826e-05,8.691830819124296e-10,7.691742022159218e-07,1.9819548490104475e-05,1.7604007446693445e-05,1.0405613413024501e-05,0.0017144670166327456,0.06876310841811545,1.392299998101019e-05,0.017181813841895544,0.001156199031945081,0.0007354175896526466,0.00018218241561296968,0.0013485480390155733,127759.31585491693,900.4394219873478,1030.3983339264544,837.1996219297401,1.01422673875929e-05,50ng/mL
4,3000.0,0.3293555993946035,0.01092718274749643,0.02953305942514223,0.003390591042281409,8.496120256720222e-06,0.0051848572610866395,0.0039003962027215244,0.16779929893524126,8.285712780185141e-08,1.155949330868682e-07,1.9308364494918976e-06,1.48867282480569e-08,3.82096808556188e-06,1.6160929670043826e-05,8.691830819124296e-10,7.691742022159218e-07,1.9819548490104475e-05,1.7604007446693445e-05,1.0405613413024501e-05,0.0017144670166327456,0.06876310841811545,1.392299998101019e-05,0.017181813841895544,0.001156199031945081,0.0007354175896526466,0.00018218241561296968,0.0013485480390155733,98118.71043614185,1384.5844465847522,966.0819099994367,1225.740624311191,9.801123150919577e-06,50ng/mL
5,3000.0,0.3293555993946035,0.01092718274749643,0.02953305942514223,0.003390591042281409,8.496120256720222e-06,0.0051848572610866395,0.0039003962027215244,0.16779929893524126,8.285712780185141e-08,1.155949330868682e-07,1.9308364494918976e-06,1.48867282480569e-08,3.82096808556188e-06,1.6160929670043826e-05,8.691830819124296e-10,7.691742022159218e-07,1.9819548490104475e-05,1.7604007446693445e-05,1.0405613413024501e-05,0.0017144670166327456,0.06876310841811545,1.392299998101019e-05,0.017181813841895544,0.001156199031945081,0.0007354175896526466,0.00018218241561296968,0.0013485480390155733,78713.37977837164,1143.6369467988072,1321.5868910207876,912.5148749620823,1.1716188366596405e-05,50ng/mL
6,3000.0,0.3293555993946035,0.01092718274749643,0.02953305942514223,0.003390591042281409,8.496120256720222e-06,0.0051848572610866395,0.0039003962027215244,0.16779929893524126,8.285712780185141e-08,1.155949330868682e-07,1.9308364494918976e-06,1.48867282480569e-08,3.82096808556188e-06,1.6160929670043826e-05,8.691830819124296e-10,7.691742022159218e-07,1.9819548490104475e-05,1.7604007446693445e-05,1.0405613413024501e-05,0.0017144670166327456,0.06876310841811545,1.392299998101019e-05,0.017181813841895544,0.001156199031945081,0.0007354175896526466,0.00018218241561296968,0.0013485480390155733,104135.84624084094,879.6068981864171,709.7115094875035,595.4573870780551,9.755477256711206e-06,50ng/mL
7,3000.0,0.3293555993946035,0.01092718274749643,0.02953305942514223,0.003390591042281409,8.496120256720222e-06,0.0051848572610866395,0.0039003962027215244,0.16779929893524126,8.285712780185141e-08,1.155949330868682e-07,1.9308364494918976e-06,1.48867282480569e-08,3.82096808556188e-06,1.6160929670043826e-05,8.691830819124296e-10,7.691742022159218e-07,1.9819548490104475e-05,1.7604007446693445e-05,1.0405613413024501e-05,0.0017144670166327456,0.06876310841811545,1.392299998101019e-05,0.017181813841895544,0.001156199031945081,0.0007354175896526466,0.00018218241561296968,0.0013485480390155733,104448.33013033467,1195.5291594620553,736.083775228677,893.3222418893288,1.0541190072937264e-05,50ng/mL
8,3000.0,0.3293555993946035,0.01092718274749643,0.02953305942514223,0.003390591042281409,8.496120256720222e-06,0.0051848572610866395,0.0039003962027215244,0.16779929893524126,8.285712780185141e-08,1.155949330868682e-07,1.9308364494918976e-06,1.48867282480569e-08,3.82096808556188e-06,1.6160929670043826e-05,8.691830819124296e-10,7.691742022159218e-07,1.9819548490104475e-05,1.7604007446693445e-05,1.0405613413024501e-05,0.0017144670166327456,0.06876310841811545,1.392299998101019e-05,0.017181813841895544,0.001156199031945081,0.0007354175896526466,0.00018218241561296968,0.0013485480390155733,94353.91519294275,1025.2624433243104,1110.4033119788414,1019.4730772042486,9.449229466541221e-06,50ng/mL
9,3000.0,0.3293555993946035,0.01092718274749643,0.02953305942514223,0.003390591042281409,8.496120256720222e-06,0.0051848572610866395,0.0039003962027215244,0.16779929893524126,8.285712780185141e-08,1.155949330868682e-07,1.9308364494918976e-06,1.48867282480569e-08,3.82096808556188e-06,1.6160929670043826e-05,8.691830819124296e-10,7.691742022159218e-07,1.9819548490104475e-05,1.7604007446693445e-05,1.0405613413024501e-05,0.0017144670166327456,0.06876310841811545,1.392299998101019e-05,0.017181813841895544,0.001156199031945081,0.0007354175896526466,0.00018218241561296968,0.0013485480390155733,89921.34696260403,1146.4403890079109,835.9374698863631,865.9680698228316,1.5400015233793043e-05,50ng/mL
10,3000.0,0.3293555993946035,0.01092718274749643,0.02953305942514223,0.003390591042281409,8.496120256720222e-06,0.0051848572610866395,0.0039003962027215244,0.16779929893524126,8.285712780185141e-08,1.155949330868682e-07,1.9308364494918976e-06,1.48867282480569e-08,3.82096808556188e-06,1.6160929670043826e-05,8.691830819124296e-10,7.691742022159218e-07,1.9819548490104475e-05,1.7604007446693445e-05,1.0405613413024501e-05,0.0017144670166327456,0.06876310841811545,1.392299998101019e-05,0.017181813841895544,0.001156199031945081,0.0007354175896526466,0.00018218241561296968,0.0013485480390155733,124980.25952029054,1043.3534937222882,965.2180188043369,1099.646870207428,1.1362595044691357e-05,50ng/mL
11,3000.0,0.3293555993946035,0.01092718274749643,0.02953305942514223,0.003390591042281409,8.496120256720222e-06,0.0051848572610866395,0.0039003962027215244,0.16779929893524126,8.285712780185141e-08,1.155949330868682e-07,1.9308364494918976e-06,1.48867282480569e-08,3.82096808556188e-06,1.6160929670043826e-05,8.691830819124296e-10,7.691742022159218e-07,1.9819548490104475e-05,1.7604007446693445e-05,1.0405613413024501e-05,0.0017144670166327456,0.06876310841811545,1.392299998101019e-05,0.017181813841895544,0.001156199031945081,0.0007354175896526466,0.00018218241561296968,0.0013485480390155733,127291.151253145,762.8307644057779,1016.2713011402545,665.0995505390258,1.0872922943015076e-05,50ng/mL
12,3000.0,0.3293555993946035,0.01092718274749643,0.02953305942514223,0.003390591042281409,8.496120256720222e-06,0.0051848572610866395,0.0039003962027215244,0.16779929893524126,8.285712780185141e-08,1.155949330868682e-07,1.9308364494918976e-06,1.48867282480569e-08,3.82096808556188e-06,1.6160929670043826e-05,8.691830819124296e-10,7.691742022159218e-07,1.9819548490104475e-05,1.7604007446693445e-05,1.0405613413024501e-05,0.0017144670166327456,0.06876310841811545,1.392299998101019e-05,0.017181813841895544,0.001156199031945081,0.0007354175896526466,0.00018218241561296968,0.0013485480390155733,86609.21940879681,822.273896690868,775.6826408534433,1033.843979583957,1.0106125742577129e-05,50ng/mL
13,3000.0,0.3293555993946035,0.01092718274749643,0.02953305942514223,0.003390591042281409,8.496120256720222e-06,0.0051848572610866395,0.0039003962027215244,0.16779929893524126,8.285712780185141e-08,1.155949330868682e-07,1.9308364494918976e-06,1.48867282480569e-08,3.82096808556188e-06,1.6160929670043826e-05,8.691830819124296e-10,7.691742022159218e-07,1.9819548490104475e-05,1.7604007446693445e-05,1.0405613413024501e-05,0.0017144670166327456,0.06876310841811545,1.392299998101019e-05,0.017181813841895544,0.001156199031945081,0.0007354175896526466,0.00018218241561296968,0.0013485480390155733,120575.67881284494,818.9352792410557,951.4613300501491,813.3152277618242,1.2996584366257656e-05,50ng/mL
14,3000.0,0.3293555993946035,0.01092718274749643,0.02953305942514223,0.003390591042281409,8.496120256720222e-06,0.0051848572610866395,0.0039003962027215244,0.16779929893524126,8.285712780185141e-08,1.155949330868682e-07,1.9308364494918976e-06,1.48867282480569e-08,3.82096808556188e-06,1.6160929670043826e-05,8.691830819124296e-10,7.691742022159218e-07,1.9819548490104475e-05,1.7604007446693445e-05,1.0405613413024501e-05,0.0017144670166327456,0.06876310841811545,1.392299998101019e-05,0.017181813841895544,0.001156199031945081,0.0007354175896526466,0.00018218241561296968,0.0013485480390155733,118940.18105624884,1324.01682084068,1505.5343019090915,944.3820919904961,1.0943336517245696e-05,50ng/mL
15,3000.0,0.3293555993946035,0.01092718274749643,0.02953305942514223,0.003390591042281409,8.496120256720222e-06,0.0051848572610866395,0.0039003962027215244,0.16779929893524126,8.285712780185141e-08,1.155949330868682e-07,1.9308364494918976e-06,1.48867282480569e-08,3.82096808556188e-06,1.6160929670043826e-05,8.691830819124296e-10,7.691742022159218e-07,1.9819548490104475e-05,1.7604007446693445e-05,1.0405613413024501e-05,0.0017144670166327456,0.06876310841811545,1.392299998101019e-05,0.017181813841895544,0.001156199031945081,0.0007354175896526466,0.00018218241561296968,0.0013485480390155733,128108.96847519078,1008.4199503177651,977.5197701874366,1299.4910108180325,9.234828683817533e-06,50ng/mL
16,3000.0,0.3293555993946035,0.01092718274749643,0.02953305942514223,0.003390591042281409,8.496120256720222e-06,0.0051848572610866395,0.0039003962027215244,0.16779929893524126,8.285712780185141e-08,1.155949330868682e-07,1.9308364494918976e-06,1.48867282480569e-08,3.82096808556188e-06,1.6160929670043826e-05,8.691830819124296e-10,7.691742022159218e-07,1.9819548490104475e-05,1.7604007446693445e-05,1.0405613413024501e-05,0.0017144670166327456,0.06876310841811545,1.392299998101019e-05,0.017181813841895544,0.001156199031945081,0.0007354175896526466,0.00018218241561296968,0.0013485480390155733,96477.90526889413,722.6034052185114,1172.4374250711091,1081.120485313307,1.0086726369026625e-05,50ng/mL
17,3000.0,0.3293555993946035,0.01092718274749643,0.02953305942514223,0.003390591042281409,8.496120256720222e-06,0.0051848572610866395,0.0039003962027215244,0.16779929893524126,8.285712780185141e-08,1.155949330868682e-07,1.9308364494918976e-06,1.48867282480569e-08,3.82096808556188e-06,1.6160929670043826e-05,8.691830819124296e-10,7.691742022159218e-07,1.9819548490104475e-05,1.7604007446693445e-05,1.0405613413024501e-05,0.0017144670166327456,0.06876310841811545,1.392299998101019e-05,0.017181813841895544,0.001156199031945081,0.0007354175896526466,0.00018218241561296968,0.0013485480390155733,128299.05154448855,893.5593321223467,906.6949779604761,806.2047066873018,1.2784613098448224e-05,50ng/mL
18,3000.0,0.3293555993946035,0.01092718274749643,0.02953305942514223,0.003390591042281409,8.496120256720222e-06,0.0051848572610866395,0.0039003962027215244,0.16779929893524126,8.285712780185141e-08,1.155949330868682e-07,1.9308364494918976e-06,1.48867282480569e-08,3.82096808556188e-06,1.6160929670043826e-05,8.691830819124296e-10,7.691742022159218e-07,1.9819548490104475e-05,1.7604007446693445e-05,1.0405613413024501e-05,0.0017144670166327456,0.06876310841811545,1.392299998101019e-05,0.017181813841895544,0.001156199031945081,0.0007354175896526466,0.00018218241561296968,0.0013485480390155733,99334.12115665124,773.4980311422303,1340.5451792869196,910.0373697113871,1.3928224505608046e-05,50ng/mL
19,3000.0,0.3293555993946035,0.01092718274749643,0.02953305942514223,0.003390591042281409,8.496120256720222e-06,0.0051848572610866395,0.0039003962027215244,0.16779929893524126,8.285712780185141e-08,1.155949330868682e-07,1.9308364494918976e-06,1.48867282480569e-08,3.82096808556188e-06,1.6160929670043826e-05,8.691830819124296e-10,7.691742022159218e-07,1.9819548490104475e-05,1.7604007446693445e-05,1.0405613413024501e-05,0.0017144670166327456,0.06876310841811545,1.392299998101019e-05,0.017181813841895544,0.001156199031945081,0.0007354175896526466,0.00018218241561296968,0.0013485480390155733,102717.36561098359,1277.201440548043,1120.6158765208706,1047.0869975622147,8.38391430553377e-06,50ng/mL
20,3000.0,0.3293555993946035,0.01092718274749643,0.02953305942514223,0.003390591042281409,8.496120256720222e-06,0.0051848572610866395,0.0039003962027215244,0.16779929893524126,8.285712780185141e-08,1.155949330868682e-07,1.9308364494918976e-06,1.48867282480569e-08,3.82096808556188e-06,1.6160929670043826e-05,8.691830819124296e-10,7.691742022159218e-07,1.9819548490104475e-05,1.7604007446693445e-05,1.0405613413024501e-05,0.0017144670166327456,0.06876310841811545,1.392299998101019e-05,0.017181813841895544,0.001156199031945081,0.0007354175896526466,0.00018218241561296968,0.0013485480390155733,88750.73351622256,1291.980683060441,1065.8645465607565,769.3367899516188,1.5849643928759012e-05,50ng/mL
21,3000.0,0.3293555993946035,0.01092718274749643,0.02953305942514223,0.003390591042281409,8.496120256720222e-06,0.0051848572610866395,0.0039003962027215244,0.16779929893524126,8.285712780185141e-08,1.155949330868682e-07,1.9308364494918976e-06,1.48867282480569e-08,3.82096808556188e-06,1.6160929670043826e-05,8.691830819124296e-10,7.691742022159218e-07,1.9819548490104475e-05,1.7604007446693445e-05,1.0405613413024501e-05,0.0017144670166327456,0.06876310841811545,1.392299998101019e-05,0.017181813841895544,0.001156199031945081,0.0007354175896526466,0.00018218241561296968,0.0013485480390155733,87422.84685704629,1037.4260100411468,834.844377293738,712.0178176142974,1.1538425524055118e-05,50ng/mL
22,3000.0,0.3293555993946035,0.01092718274749643,0.02953305942514223,0.003390591042281409,8.496120256720222e-06,0.0051848572610866395,0.0039003962027215244,0.16779929893524126,8.285712780185141e-08,1.155949330868682e-07,1.9308364494918976e-06,1.48867282480569e-08,3.82096808556188e-06,1.6160929670043826e-05,8.691830819124296e-10,7.691742022159218e-07,1.9819548490104475e-05,1.7604007446693445e-05,1.0405613413024501e-05,0.0017144670166327456,0.06876310841811545,1.392299998101019e-05,0.017181813841895544,0.001156199031945081,0.0007354175896526466,0.00018218241561296968,0.0013485480390155733,102244.12860938202,1020.7701943434206,935.5225402884927,927.6554268869628,1.1989276091077102e-05,50ng/mL
23,3000.0,0.3293555993946035,0.01092718274749643,0.02953305942514223,0.003390591042281409,8.496120256720222e-06,0.0051848572610866395,0.0039003962027215244,0.16779929893524126,8.285712780185141e-08,1.155949330868682e-07,1.9308364494918976e-06,1.48867282480569e-08,3.82096808556188e-06,1.6160929670043826e-05,8.691830819124296e-10,7.691742022159218e-07,1.9819548490104475e-05,1.7604007446693445e-05,1.0405613413024501e-05,0.0017144670166327456,0.06876310841811545,1.392299998101019e-05,0.017181813841895544,0.001156199031945081,0.0007354175896526466,0.00018218241561296968,0.0013485480390155733,111001.33939220279,973.755510334447,1033.1209684886398,631.1274540272874,1.1814119576639872e-05,50ng/mL
24,3000.0,0.3293555993946035,0.01092718274749643,0.02953305942514223,0.003390591042281409,8.496120256720222e-06,0.0051848572610866395,0.0039003962027215244,0.16779929893524126,8.285712780185141e-08,1.155949330868682e-07,1.9308364494918976e-06,1.48867282480569e-08,3.82096808556188e-06,1.6160929670043826e-05,8.691830819124296e-10,7.691742022159218e-07,1.9819548490104475e-05,1.7604007446693445e-05,1.0405613413024501e-05,0.0017144670166327456,0.06876310841811545,1.392299998101019e-05,0.017181813841895544,0.001156199031945081,0.0007354175896526466,0.00018218241561296968,0.0013485480390155733,112063.9778656217,999.6547631261438,810.1608912617436,1286.9407227053805,1.2640312683104409e-05,50ng/mL
25,3000.0,0.3293555993946035,0.01092718274749643,0.02953305942514223,0.003390591042281409,8.496120256720222e-06,0.0051848572610866395,0.0039003962027215244,0.16779929893524126,8.285712780185141e-08,1.155949330868682e-07,1.9308364494918976e-06,1.48867282480569e-08,3.82096808556188e-06,1.6160929670043826e-05,8.691830819124296e-10,7.691742022159218e-07,1.9819548490104475e-05,1.7604007446693445e-05,1.0405613413024501e-05,0.0017144670166327456,0.06876310841811545,1.392299998101019e-05,0.017181813841895544,0.001156199031945081,0.0007354175896526466,0.00018218241561296968,0.0013485480390155733,69126.59383029972,866.661432465395,730.9040831000302,1111.9036401315504,9.103599683184863e-06,50ng/mL
26,3000.0,0.3293555993946035,0.01092718274749643,0.02953305942514223,0.003390591042281409,8.496120256720222e-06,0.0051848572610866395,0.0039003962027215244,0.16779929893524126,8.285712780185141e-08,1.155949330868682e-07,1.9308364494918976e-06,1.48867282480569e-08,3.82096808556188e-06,1.6160929670043826e-05,8.691830819124296e-10,7.691742022159218e-07,1.9819548490104475e-05,1.7604007446693445e-05,1.0405613413024501e-05,0.0017144670166327456,0.06876310841811545,1.392299998101019e-05,0.017181813841895544,0.001156199031945081,0.0007354175896526466,0.00018218241561296968,0.0013485480390155733,109965.3554198518,984.801544256538,942.614132100656,848.8904514071559,1.0903626485202044e-05,50ng/mL
27,3000.0,0.3293555993946035,0.01092718274749643,0.02953305942514223,0.003390591042281409,8.496120256720222e-06,0.0051848572610866395,0.0039003962027215244,0.16779929893524126,8.285712780185141e-08,1.155949330868682e-07,1.9308364494918976e-06,1.48867282480569e-08,3.82096808556188e-06,1.6160929670043826e-05,8.691830819124296e-10,7.691742022159218e-07,1.9819548490104475e-05,1.7604007446693445e-05,1.0405613413024501e-05,0.0017144670166327456,0.06876310841811545,1.392299998101019e-05,0.017181813841895544,0.001156199031945081,0.0007354175896526466,0.00018218241561296968,0.0013485480390155733,93077.82068156185,1008.180578825055,1127.9172485701934,1513.105461737798,7.586398345110763e-06,50ng/mL
28,3000.0,0.3293555993946035,0.01092718274749643,0.02953305942514223,0.003390591042281409,8.496120256720222e-06,0.0051848572610866395,0.0039003962027215244,0.16779929893524126,8.285712780185141e-08,1.155949330868682e-07,1.9308364494918976e-06,1.48867282480569e-08,3.82096808556188e-06,1.6160929670043826e-05,8.691830819124296e-10,7.691742022159218e-07,1.9819548490104475e-05,1.7604007446693445e-05,1.0405613413024501e-05,0.0017144670166327456,0.06876310841811545,1.392299998101019e-05,0.017181813841895544,0.001156199031945081,0.0007354175896526466,0.00018218241561296968,0.0013485480390155733,110823.73536556696,1179.8803822094103,884.4816233547851,889.7935901505489,1.0389296353510283e-05,50ng/mL
29,3000.0,0.3293555993946035,0.01092718274749643,0.02953305942514223,0.003390591042281409,8.496120256720222e-06,0.0051848572610866395,0.0039003962027215244,0.16779929893524126,8.285712780185141e-08,1.155949330868682e-07,1.9308364494918976e-06,1.48867282480569e-08,3.82096808556188e-06,1.6160929670043826e-05,8.691830819124296e-10,7.691742022159218e-07,1.9819548490104475e-05,1.7604007446693445e-05,1.0405613413024501e-05,0.0017144670166327456,0.06876310841811545,1.392299998101019e-05,0.017181813841895544,0.001156199031945081,0.0007354175896526466,0.00018218241561296968,0.0013485480390155733,105679.02577698977,841.8032575280768,856.8258459789798,978.176937817553,9.857615302073912e-06,50ng/mL
30,3000.0,0.3293555993946035,0.01092718274749643,0.02953305942514223,0.003390591042281409,8.496120256720222e-06,0.0051848572610866395,0.0039003962027215244,0.16779929893524126,8.285712780185141e-08,1.155949330868682e-07,1.9308364494918976e-06,1.48867282480569e-08,3.82096808556188e-06,1.6160929670043826e-05,8.691830819124296e-10,7.691742022159218e-07,1.9819548490104475e-05,1.7604007446693445e-05,1.0405613413024501e-05,0.0017144670166327456,0.06876310841811545,1.392299998101019e-05,0.017181813841895544,0.001156199031945081,0.0007354175896526466,0.00018218241561296968,0.0013485480390155733,124133.4432242123,989.311765823171,813.2229469386431,992.5014830170511,1.1035583234872038e-05,50ng/mL
31,3000.0,0.3293555993946035,0.01092718274749643,0.02953305942514223,0.003390591042281409,8.496120256720222e-06,0.0051848572610866395,0.0039003962027215244,0.16779929893524126,8.285712780185141e-08,1.155949330868682e-07,1.9308364494918976e-06,1.48867282480569e-08,3.82096808556188e-06,1.6160929670043826e-05,8.691830819124296e-10,7.691742022159218e-07,1.9819548490104475e-05,1.7604007446693445e-05,1.0405613413024501e-05,0.0017144670166327456,0.06876310841811545,1.392299998101019e-05,0.017181813841895544,0.001156199031945081,0.0007354175896526466,0.00018218241561296968,0.0013485480390155733,105175.31342981718,869.5413186491428,851.0307493183234,802.5474632459981,1.0736381150725546e-05,50ng/mL
32,3000.0,0.3293555993946035,0.01092718274749643,0.02953305942514223,0.003390591042281409,8.496120256720222e-06,0.0051848572610866395,0.0039003962027215244,0.16779929893524126,8.285712780185141e-08,1.155949330868682e-07,1.9308364494918976e-06,1.48867282480569e-08,3.82096808556188e-06,1.6160929670043826e-05,8.691830819124296e-10,7.691742022159218e-07,1.9819548490104475e-05,1.7604007446693445e-05,1.0405613413024501e-05,0.0017144670166327456,0.06876310841811545,1.392299998101019e-05,0.017181813841895544,0.001156199031945081,0.0007354175896526466,0.00018218241561296968,0.0013485480390155733,101296.4132638868,1111.5518519333998,1410.3285077846128,1214.2937294048697,1.3627202767202919e-05,50ng/mL
33,3000.0,0.3293555993946035,0.01092718274749643,0.02953305942514223,0.003390591042281409,8.496120256720222e-06,0.0051848572610866395,0.0039003962027215244,0.16779929893524126,8.285712780185141e-08,1.155949330868682e-07,1.9308364494918976e-06,1.48867282480569e-08,3.82096808556188e-06,1.6160929670043826e-05,8.691830819124296e-10,7.691742022159218e-07,1.9819548490104475e-05,1.7604007446693445e-05,1.0405613413024501e-05,0.0017144670166327456,0.06876310841811545,1.392299998101019e-05,0.017181813841895544,0.001156199031945081,0.0007354175896526466,0.00018218241561296968,0.0013485480390155733,82485.23279836032,1354.560287474811,1063.639846591027,854.5666920978872,9.201190479495718e-06,50ng/mL
34,3000.0,0.3293555993946035,0.01092718274749643,0.02953305942514223,0.003390591042281409,8.496120256720222e-06,0.0051848572610866395,0.0039003962027215244,0.16779929893524126,8.285712780185141e-08,1.155949330868682e-07,1.9308364494918976e-06,1.48867282480569e-08,3.82096808556188e-06,1.6160929670043826e-05,8.691830819124296e-10,7.691742022159218e-07,1.9819548490104475e-05,1.7604007446693445e-05,1.0405613413024501e-05,0.0017144670166327456,0.06876310841811545,1.392299998101019e-05,0.017181813841895544,0.001156199031945081,0.0007354175896526466,0.00018218241561296968,0.0013485480390155733,75079.71287711307,844.1304840146756,893.383474449076,1116.1380447850336,1.1548526553184849e-05,50ng/mL
35,3000.0,0.3293555993946035,0.01092718274749643,0.02953305942514223,0.003390591042281409,8.496120256720222e-06,0.0051848572610866395,0.0039003962027215244,0.16779929893524126,8.285712780185141e-08,1.155949330868682e-07,1.9308364494918976e-06,1.48867282480569e-08,3.82096808556188e-06,1.6160929670043826e-05,8.691830819124296e-10,7.691742022159218e-07,1.9819548490104475e-05,1.7604007446693445e-05,1.0405613413024501e-05,0.0017144670166327456,0.06876310841811545,1.392299998101019e-05,0.017181813841895544,0.001156199031945081,0.0007354175896526466,0.00018218241561296968,0.0013485480390155733,107576.80730480084,892.6729139528837,1420.8528166373626,937.4293631294905,1.659850531718586e-05,50ng/mL
36,3000.0,0.3293555993946035,0.01092718274749643,0.02953305942514223,0.003390591042281409,8.496120256720222e-06,0.0051848572610866395,0.0039003962027215244,0.16779929893524126,8.285712780185141e-08,1.155949330868682e-07,1.9308364494918976e-06,1.48867282480569e-08,3.82096808556188e-06,1.6160929670043826e-05,8.691830819124296e-10,7.691742022159218e-07,1.9819548490104475e-05,1.7604007446693445e-05,1.0405613413024501e-05,0.0017144670166327456,0.06876310841811545,1.392299998101019e-05,0.017181813841895544,0.001156199031945081,0.0007354175896526466,0.00018218241561296968,0.0013485480390155733,124109.54138217184,880.7836400261892,1009.9794844625641,1041.691334948753,8.630768207809032e-06,50ng/mL
37,3000.0,0.3293555993946035,0.01092718274749643,0.02953305942514223,0.003390591042281409,8.496120256720222e-06,0.0051848572610866395,0.0039003962027215244,0.16779929893524126,8.285712780185141e-08,1.155949330868682e-07,1.9308364494918976e-06,1.48867282480569e-08,3.82096808556188e-06,1.6160929670043826e-05,8.691830819124296e-10,7.691742022159218e-07,1.9819548490104475e-05,1.7604007446693445e-05,1.0405613413024501e-05,0.0017144670166327456,0.06876310841811545,1.392299998101019e-05,0.017181813841895544,0.001156199031945081,0.0007354175896526466,0.00018218241561296968,0.0013485480390155733,110041.07954822689,855.168073427942,789.9827626617656,905.0752356682266,1.3036375024821468e-05,50ng/mL
38,3000.0,0.3293555993946035,0.01092718274749643,0.02953305942514223,0.003390591042281409,8.496120256720222e-06,0.0051848572610866395,0.0039003962027215244,0.16779929893524126,8.285712780185141e-08,1.155949330868682e-07,1.9308364494918976e-06,1.48867282480569e-08,3.82096808556188e-06,1.6160929670043826e-05,8.691830819124296e-10,7.691742022159218e-07,1.9819548490104475e-05,1.7604007446693445e-05,1.0405613413024501e-05,0.0017144670166327456,0.06876310841811545,1.392299998101019e-05,0.017181813841895544,0.001156199031945081,0.0007354175896526466,0.00018218241561296968,0.0013485480390155733,106202.69615841986,916.1375044226245,702.4298155867918,631.7952083165779,8.719317773729682e-06,50ng/mL
39,3000.0,0.3293555993946035,0.01092718274749643,0.02953305942514223,0.003390591042281409,8.496120256720222e-06,0.0051848572610866395,0.0039003962027215244,0.16779929893524126,8.285712780185141e-08,1.155949330868682e-07,1.9308364494918976e-06,1.48867282480569e-08,3.82096808556188e-06,1.6160929670043826e-05,8.691830819124296e-10,7.691742022159218e-07,1.9819548490104475e-05,1.7604007446693445e-05,1.0405613413024501e-05,0.0017144670166327456,0.06876310841811545,1.392299998101019e-05,0.017181813841895544,0.001156199031945081,0.0007354175896526466,0.00018218241561296968,0.0013485480390155733,113202.96559586526,680.8236384765194,1131.5783522886882,840.1930294290268,1.5462130765477858e-05,50ng/mL
40,3000.0,0.3293555993946035,0.01092718274749643,0.02953305942514223,0.003390591042281409,8.496120256720222e-06,0.0051848572610866395,0.0039003962027215244,0.16779929893524126,8.285712780185141e-08,1.155949330868682e-07,1.9308364494918976e-06,1.48867282480569e-08,3.82096808556188e-06,1.6160929670043826e-05,8.691830819124296e-10,7.691742022159218e-07,1.9819548490104475e-05,1.7604007446693445e-05,1.0405613413024501e-05,0.0017144670166327456,0.06876310841811545,1.392299998101019e-05,0.017181813841895544,0.001156199031945081,0.0007354175896526466,0.00018218241561296968,0.0013485480390155733,94572.84086393338,984.4019491367075,1489.8929768215926,1822.2856938929342,7.786054049545287e-06,50ng/mL
41,3000.0,0.3293555993946035,0.01092718274749643,0.02953305942514223,0.003390591042281409,8.496120256720222e-06,0.0051848572610866395,0.0039003962027215244,0.16779929893524126,8.285712780185141e-08,1.155949330868682e-07,1.9308364494918976e-06,1.48867282480569e-08,3.82096808556188e-06,1.6160929670043826e-05,8.691830819124296e-10,7.691742022159218e-07,1.9819548490104475e-05,1.7604007446693445e-05,1.0405613413024501e-05,0.0017144670166327456,0.06876310841811545,1.392299998101019e-05,0.017181813841895544,0.001156199031945081,0.0007354175896526466,0.00018218241561296968,0.0013485480390155733,115094.2003464087,1152.639365813019,1096.4728067428177,845.8322849953861,1.1607517830437188e-05,50ng/mL
42,3000.0,0.3293555993946035,0.01092718274749643,0.02953305942514223,0.003390591042281409,8.496120256720222e-06,0.0051848572610866395,0.0039003962027215244,0.16779929893524126,8.285712780185141e-08,1.155949330868682e-07,1.9308364494918976e-06,1.48867282480569e-08,3.82096808556188e-06,1.6160929670043826e-05,8.691830819124296e-10,7.691742022159218e-07,1.9819548490104475e-05,1.7604007446693445e-05,1.0405613413024501e-05,0.0017144670166327456,0.06876310841811545,1.392299998101019e-05,0.017181813841895544,0.001156199031945081,0.0007354175896526466,0.00018218241561296968,0.0013485480390155733,93767.75084507634,1056.9874917469049,1015.8831710910794,1100.8869324682587,1.2891575076191097e-05,50ng/mL
43,3000.0,0.3293555993946035,0.01092718274749643,0.02953305942514223,0.003390591042281409,8.496120256720222e-06,0.0051848572610866395,0.0039003962027215244,0.16779929893524126,8.285712780185141e-08,1.155949330868682e-07,1.9308364494918976e-06,1.48867282480569e-08,3.82096808556188e-06,1.6160929670043826e-05,8.691830819124296e-10,7.691742022159218e-07,1.9819548490104475e-05,1.7604007446693445e-05,1.0405613413024501e-05,0.0017144670166327456,0.06876310841811545,1.392299998101019e-05,0.017181813841895544,0.001156199031945081,0.0007354175896526466,0.00018218241561296968,0.0013485480390155733,87629.82981831321,1050.4392465311687,1073.0410502140717,813.270686070998,1.3170011678504517e-05,50ng/mL
44,3000.0,0.3293555993946035,0.01092718274749643,0.02953305942514223,0.003390591042281409,8.496120256720222e-06,0.0051848572610866395,0.0039003962027215244,0.16779929893524126,8.285712780185141e-08,1.155949330868682e-07,1.9308364494918976e-06,1.48867282480569e-08,3.82096808556188e-06,1.6160929670043826e-05,8.691830819124296e-10,7.691742022159218e-07,1.9819548490104475e-05,1.7604007446693445e-05,1.0405613413024501e-05,0.0017144670166327456,0.06876310841811545,1.392299998101019e-05,0.017181813841895544,0.001156199031945081,0.0007354175896526466,0.00018218241561296968,0.0013485480390155733,67867.18189615493,1273.804730994295,865.0846122196889,1279.1704316088392,8.436528351007742e-06,50ng/mL
45,3000.0,0.3293555993946035,0.01092718274749643,0.02953305942514223,0.003390591042281409,8.496120256720222e-06,0.0051848572610866395,0.0039003962027215244,0.16779929893524126,8.285712780185141e-08,1.155949330868682e-07,1.9308364494918976e-06,1.48867282480569e-08,3.82096808556188e-06,1.6160929670043826e-05,8.691830819124296e-10,7.691742022159218e-07,1.9819548490104475e-05,1.7604007446693445e-05,1.0405613413024501e-05,0.0017144670166327456,0.06876310841811545,1.392299998101019e-05,0.017181813841895544,0.001156199031945081,0.0007354175896526466,0.00018218241561296968,0.0013485480390155733,72071.5326345477,1112.3523068528739,1491.8417551157522,1205.7792127931125,1.7715696469110925e-05,50ng/mL
46,3000.0,0.3293555993946035,0.01092718274749643,0.02953305942514223,0.003390591042281409,8.496120256720222e-06,0.0051848572610866395,0.0039003962027215244,0.16779929893524126,8.285712780185141e-08,1.155949330868682e-07,1.9308364494918976e-06,1.48867282480569e-08,3.82096808556188e-06,1.6160929670043826e-05,8.691830819124296e-10,7.691742022159218e-07,1.9819548490104475e-05,1.7604007446693445e-05,1.0405613413024501e-05,0.0017144670166327456,0.06876310841811545,1.392299998101019e-05,0.017181813841895544,0.001156199031945081,0.0007354175896526466,0.00018218241561296968,0.0013485480390155733,98699.02265957862,1056.7242218380197,804.0143862965876,1187.764354909076,1.0890790360000868e-05,50ng/mL
47,3000.0,0.3293555993946035,0.01092718274749643,0.02953305942514223,0.003390591042281409,8.496120256720222e-06,0.0051848572610866395,0.0039003962027215244,0.16779929893524126,8.285712780185141e-08,1.155949330868682e-07,1.9308364494918976e-06,1.48867282480569e-08,3.82096808556188e-06,1.6160929670043826e-05,8.691830819124296e-10,7.691742022159218e-07,1.9819548490104475e-05,1.7604007446693445e-05,1.0405613413024501e-05,0.0017144670166327456,0.06876310841811545,1.392299998101019e-05,0.017181813841895544,0.001156199031945081,0.0007354175896526466,0.00018218241561296968,0.0013485480390155733,139547.8345054049,933.8920500829507,991.0032499194123,824.2248597685775,1.1760428632318145e-05,50ng/mL
48,3000.0,0.3293555993946035,0.01092718274749643,0.02953305942514223,0.003390591042281409,8.496120256720222e-06,0.0051848572610866395,0.0039003962027215244,0.16779929893524126,8.285712780185141e-08,1.155949330868682e-07,1.9308364494918976e-06,1.48867282480569e-08,3.82096808556188e-06,1.6160929670043826e-05,8.691830819124296e-10,7.691742022159218e-07,1.9819548490104475e-05,1.7604007446693445e-05,1.0405613413024501e-05,0.0017144670166327456,0.06876310841811545,1.392299998101019e-05,0.017181813841895544,0.001156199031945081,0.0007354175896526466,0.00018218241561296968,0.0013485480390155733,78145.87225317546,1204.1677154037045,971.9950881318509,731.8852548320889,1.3090871949648435e-05,50ng/mL
49,3000.0,0.3293555993946035,0.01092718274749643,0.02953305942514223,0.003390591042281409,8.496120256720222e-06,0.0051848572610866395,0.0039003962027215244,0.16779929893524126,8.285712780185141e-08,1.155949330868682e-07,1.9308364494918976e-06,1.48867282480569e-08,3.82096808556188e-06,1.6160929670043826e-05,8.691830819124296e-10,7.691742022159218e-07,1.9819548490104475e-05,1.7604007446693445e-05,1.0405613413024501e-05,0.0017144670166327456,0.06876310841811545,1.392299998101019e-05,0.017181813841895544,0.001156199031945081,0.0007354175896526466,0.00018218241561296968,0.0013485480390155733,91543.34520616161,815.493188040356,1100.7348281746422,954.3097536297316,8.505653779480005e-06,50ng/mL
50,600.0,0.3293555993946035,0.01092718274749643,0.02953305942514223,0.003390591042281409,8.496120256720222e-06,0.0051848572610866395,0.0039003962027215244,0.16779929893524126,8.285712780185141e-08,1.155949330868682e-07,1.9308364494918976e-06,1.48867282480569e-08,3.82096808556188e-06,1.6160929670043826e-05,8.691830819124296e-10,7.691742022159218e-07,1.9819548490104475e-05,1.7604007446693445e-05,1.0405613413024501e-05,0.0017144670166327456,0.06876310841811545,1.392299998101019e-05,0.017181813841895544,0.001156199031945081,0.0007354175896526466,0.00018218241561296968,0.0013485480390155733,90307.31823801438,1127.2524628822075,1093.1155994162527,1054.7404465929233,1.0131744460075246e-05,10ng/mL
51,600.0,0.3293555993946035,0.01092718274749643,0.02953305942514223,0.003390591042281409,8.496120256720222e-06,0.0051848572610866395,0.0039003962027215244,0.16779929893524126,8.285712780185141e-08,1.155949330868682e-07,1.9308364494918976e-06,1.48867282480569e-08,3.82096808556188e-06,1.6160929670043826e-05,8.691830819124296e-10,7.691742022159218e-07,1.9819548490104475e-05,1.7604007446693445e-05,1.0405613413024501e-05,0.0017144670166327456,0.06876310841811545,1.392299998101019e-05,0.017181813841895544,0.001156199031945081,0.0007354175896526466,0.00018218241561296968,0.0013485480390155733,138294.50915311728,930.9288155833648,951.3821064273874,932.825136090568,9.159707960211534e-06,10ng/mL
52,600.0,0.3293555993946035,0.01092718274749643,0.02953305942514223,0.003390591042281409,8.496120256720222e-06,0.0051848572610866395,0.0039003962027215244,0.16779929893524126,8.285712780185141e-08,1.155949330868682e-07,1.9308364494918976e-06,1.48867282480569e-08,3.82096808556188e-06,1.6160929670043826e-05,8.691830819124296e-10,7.691742022159218e-07,1.9819548490104475e-05,1.7604007446693445e-05,1.0405613413024501e-05,0.0017144670166327456,0.06876310841811545,1.392299998101019e-05,0.017181813841895544,0.001156199031945081,0.0007354175896526466,0.00018218241561296968,0.0013485480390155733,93821.71880347129,988.771427529509,747.479209013944,1137.6779326508245,9.379563032442063e-06,10ng/mL
53,600.0,0.3293555993946035,0.01092718274749643,0.02953305942514223,0.003390591042281409,8.496120256720222e-06,0.0051848572610866395,0.0039003962027215244,0.16779929893524126,8.285712780185141e-08,1.155949330868682e-07,1.9308364494918976e-06,1.48867282480569e-08,3.82096808556188e-06,1.6160929670043826e-05,8.691830819124296e-10,7.691742022159218e-07,1.9819548490104475e-05,1.7604007446693445e-05,1.0405613413024501e-05,0.0017144670166327456,0.06876310841811545,1.392299998101019e-05,0.017181813841895544,0.001156199031945081,0.0007354175896526466,0.00018218241561296968,0.0013485480390155733,78202.71462348553,1118.9611006368905,1184.4232920644668,863.9960252553333,9.558471649713689e-06,10ng/mL
54,600.0,0.3293555993946035,0.01092718274749643,0.02953305942514223,0.003390591042281409,8.496120256720222e-06,0.0051848572610866395,0.0039003962027215244,0.16779929893524126,8.285712780185141e-08,1.155949330868682e-07,1.9308364494918976e-06,1.48867282480569e-08,3.82096808556188e-06,1.6160929670043826e-05,8.691830819124296e-10,7.691742022159218e-07,1.9819548490104475e-05,1.7604007446693445e-05,1.0405613413024501e-05,0.0017144670166327456,0.06876310841811545,1.392299998101019e-05,0.017181813841895544,0.001156199031945081,0.0007354175896526466,0.00018218241561296968,0.0013485480390155733,96196.57656585965,875.4699243566378,749.0807885859938,1113.7075882257336,6.463967838926048e-06,10ng/mL
55,600.0,0.3293555993946035,0.01092718274749643,0.02953305942514223,0.003390591042281409,8.496120256720222e-06,0.0051848572610866395,0.0039003962027215244,0.16779929893524126,8.285712780185141e-08,1.155949330868682e-07,1.9308364494918976e-06,1.48867282480569e-08,3.82096808556188e-06,1.6160929670043826e-05,8.691830819124296e-10,7.691742022159218e-07,1.9819548490104475e-05,1.7604007446693445e-05,1.0405613413024501e-05,0.0017144670166327456,0.06876310841811545,1.392299998101019e-05,0.017181813841895544,0.001156199031945081,0.0007354175896526466,0.00018218241561296968,0.0013485480390155733,82281.13555490489,1315.8104534306567,966.5906930115681,839.191106211722,1.0657465409223465e-05,10ng/mL
56,600.0,0.3293555993946035,0.01092718274749643,0.02953305942514223,0.003390591042281409,8.496120256720222e-06,0.0051848572610866395,0.0039003962027215244,0.16779929893524126,8.285712780185141e-08,1.155949330868682e-07,1.9308364494918976e-06,1.48867282480569e-08,3.82096808556188e-06,1.6160929670043826e-05,8.691830819124296e-10,7.691742022159218e-07,1.9819548490104475e-05,1.7604007446693445e-05,1.0405613413024501e-05,0.0017144670166327456,0.06876310841811545,1.392299998101019e-05,0.017181813841895544,0.001156199031945081,0.0007354175896526466,0.00018218241561296968,0.0013485480390155733,100222.58831947952,787.462729741409,905.7701814255212,847.2545164816454,1.0697060643883142e-05,10ng/mL
57,600.0,0.3293555993946035,0.01092718274749643,0.02953305942514223,0.003390591042281409,8.496120256720222e-06,0.0051848572610866395,0.0039003962027215244,0.16779929893524126,8.285712780185141e-08,1.155949330868682e-07,1.9308364494918976e-06,1.48867282480569e-08,3.82096808556188e-06,1.6160929670043826e-05,8.691830819124296e-10,7.691742022159218e-07,1.9819548490104475e-05,1.7604007446693445e-05,1.0405613413024501e-05,0.0017144670166327456,0.06876310841811545,1.392299998101019e-05,0.017181813841895544,0.001156199031945081,0.0007354175896526466,0.00018218241561296968,0.0013485480390155733,131421.69671190425,771.9372856117168,854.1437989771919,986.2129155769302,1.0471230839112343e-05,10ng/mL
58,600.0,0.3293555993946035,0.01092718274749643,0.02953305942514223,0.003390591042281409,8.496120256720222e-06,0.0051848572610866395,0.0039003962027215244,0.16779929893524126,8.285712780185141e-08,1.155949330868682e-07,1.9308364494918976e-06,1.48867282480569e-08,3.82096808556188e-06,1.6160929670043826e-05,8.691830819124296e-10,7.691742022159218e-07,1.9819548490104475e-05,1.7604007446693445e-05,1.0405613413024501e-05,0.0017144670166327456,0.06876310841811545,1.392299998101019e-05,0.017181813841895544,0.001156199031945081,0.0007354175896526466,0.00018218241561296968,0.0013485480390155733,88522.25056862642,1041.4022867592573,1007.1629500263944,862.1972148768085,9.243990606930461e-06,10ng/mL
59,600.0,0.3293555993946035,0.01092718274749643,0.02953305942514223,0.003390591042281409,8.496120256720222e-06,0.0051848572610866395,0.0039003962027215244,0.16779929893524126,8.285712780185141e-08,1.155949330868682e-07,1.9308364494918976e-06,1.48867282480569e-08,3.82096808556188e-06,1.6160929670043826e-05,8.691830819124296e-10,7.691742022159218e-07,1.9819548490104475e-05,1.7604007446693445e-05,1.0405613413024501e-05,0.0017144670166327456,0.06876310841811545,1.392299998101019e-05,0.017181813841895544,0.001156199031945081,0.0007354175896526466,0.00018218241561296968,0.0013485480390155733,112999.70210365945,594.5644791710637,980.3315640297209,942.3034618627538,1.0507773356001111e-05,10ng/mL
60,600.0,0.3293555993946035,0.01092718274749643,0.02953305942514223,0.003390591042281409,8.496120256720222e-06,0.0051848572610866395,0.0039003962027215244,0.16779929893524126,8.285712780185141e-08,1.155949330868682e-07,1.9308364494918976e-06,1.48867282480569e-08,3.82096808556188e-06,1.6160929670043826e-05,8.691830819124296e-10,7.691742022159218e-07,1.9819548490104475e-05,1.7604007446693445e-05,1.0405613413024501e-05,0.0017144670166327456,0.06876310841811545,1.392299998101019e-05,0.017181813841895544,0.001156199031945081,0.0007354175896526466,0.00018218241561296968,0.0013485480390155733,86468.49899253044,933.3402475794644,1098.1624152323056,1237.567189960899,1.2250632814201161e-05,10ng/mL
61,600.0,0.3293555993946035,0.01092718274749643,0.02953305942514223,0.003390591042281409,8.496120256720222e-06,0.0051848572610866395,0.0039003962027215244,0.16779929893524126,8.285712780185141e-08,1.155949330868682e-07,1.9308364494918976e-06,1.48867282480569e-08,3.82096808556188e-06,1.6160929670043826e-05,8.691830819124296e-10,7.691742022159218e-07,1.9819548490104475e-05,1.7604007446693445e-05,1.0405613413024501e-05,0.0017144670166327456,0.06876310841811545,1.392299998101019e-05,0.017181813841895544,0.001156199031945081,0.0007354175896526466,0.00018218241561296968,0.0013485480390155733,100725.10578667579,812.4621757421793,1000.6848610497192,641.8719192536392,9.357636034834684e-06,10ng/mL
62,600.0,0.3293555993946035,0.01092718274749643,0.02953305942514223,0.003390591042281409,8.496120256720222e-06,0.0051848572610866395,0.0039003962027215244,0.16779929893524126,8.285712780185141e-08,1.155949330868682e-07,1.9308364494918976e-06,1.48867282480569e-08,3.82096808556188e-06,1.6160929670043826e-05,8.691830819124296e-10,7.691742022159218e-07,1.9819548490104475e-05,1.7604007446693445e-05,1.0405613413024501e-05,0.0017144670166327456,0.06876310841811545,1.392299998101019e-05,0.017181813841895544,0.001156199031945081,0.0007354175896526466,0.00018218241561296968,0.0013485480390155733,97227.1546696276,770.7753327376608,1044.5057632510607,1144.0985009741828,1.24154845911351e-05,10ng/mL
63,600.0,0.3293555993946035,0.01092718274749643,0.02953305942514223,0.003390591042281409,8.496120256720222e-06,0.0051848572610866395,0.0039003962027215244,0.16779929893524126,8.285712780185141e-08,1.155949330868682e-07,1.9308364494918976e-06,1.48867282480569e-08,3.82096808556188e-06,1.6160929670043826e-05,8.691830819124296e-10,7.691742022159218e-07,1.9819548490104475e-05,1.7604007446693445e-05,1.0405613413024501e-05,0.0017144670166327456,0.06876310841811545,1.392299998101019e-05,0.017181813841895544,0.001156199031945081,0.0007354175896526466,0.00018218241561296968,0.0013485480390155733,75384.39752918122,1018.5529435713102,973.4206907717453,1116.8659763700794,1.2871508233429584e-05,10ng/mL
64,600.0,0.3293555993946035,0.01092718274749643,0.02953305942514223,0.003390591042281409,8.496120256720222e-06,0.0051848572610866395,0.0039003962027215244,0.16779929893524126,8.285712780185141e-08,1.155949330868682e-07,1.9308364494918976e-06,1.48867282480569e-08,3.82096808556188e-06,1.6160929670043826e-05,8.691830819124296e-10,7.691742022159218e-07,1.9819548490104475e-05,1.7604007446693445e-05,1.0405613413024501e-05,0.0017144670166327456,0.06876310841811545,1.392299998101019e-05,0.017181813841895544,0.001156199031945081,0.0007354175896526466,0.00018218241561296968,0.0013485480390155733,135003.83352466763,873.6121807052936,1418.8084712437794,916.9942955859965,1.3620955796500443e-05,10ng/mL
65,600.0,0.3293555993946035,0.01092718274749643,0.02953305942514223,0.003390591042281409,8.496120256720222e-06,0.0051848572610866395,0.0039003962027215244,0.16779929893524126,8.285712780185141e-08,1.155949330868682e-07,1.9308364494918976e-06,1.48867282480569e-08,3.82096808556188e-06,1.6160929670043826e-05,8.691830819124296e-10,7.691742022159218e-07,1.9819548490104475e-05,1.7604007446693445e-05,1.0405613413024501e-05,0.0017144670166327456,0.06876310841811545,1.392299998101019e-05,0.017181813841895544,0.001156199031945081,0.0007354175896526466,0.00018218241561296968,0.0013485480390155733,142098.53134222224,884.1661108916519,881.9488254319893,870.0909037658953,1.4242686576542013e-05,10ng/mL
66,600.0,0.3293555993946035,0.01092718274749643,0.02953305942514223,0.003390591042281409,8.496120256720222e-06,0.0051848572610866395,0.0039003962027215244,0.16779929893524126,8.285712780185141e-08,1.155949330868682e-07,1.9308364494918976e-06,1.48867282480569e-08,3.82096808556188e-06,1.6160929670043826e-05,8.691830819124296e-10,7.691742022159218e-07,1.9819548490104475e-05,1.7604007446693445e-05,1.0405613413024501e-05,0.0017144670166327456,0.06876310841811545,1.392299998101019e-05,0.017181813841895544,0.001156199031945081,0.0007354175896526466,0.00018218241561296968,0.0013485480390155733,82548.61630701502,609.5853607509302,817.3286303217474,1070.1405345469718,1.0218055733882739e-05,10ng/mL
67,600.0,0.3293555993946035,0.01092718274749643,0.02953305942514223,0.003390591042281409,8.496120256720222e-06,0.0051848572610866395,0.0039003962027215244,0.16779929893524126,8.285712780185141e-08,1.155949330868682e-07,1.9308364494918976e-06,1.48867282480569e-08,3.82096808556188e-06,1.6160929670043826e-05,8.691830819124296e-10,7.691742022159218e-07,1.9819548490104475e-05,1.7604007446693445e-05,1.0405613413024501e-05,0.0017144670166327456,0.06876310841811545,1.392299998101019e-05,0.017181813841895544,0.001156199031945081,0.0007354175896526466,0.00018218241561296968,0.0013485480390155733,87839.51365642124,929.1131571732684,1296.626262476037,1062.070263016428,9.914826100164478e-06,10ng/mL
68,600.0,0.3293555993946035,0.01092718274749643,0.02953305942514223,0.003390591042281409,8.496120256720222e-06,0.0051848572610866395,0.0039003962027215244,0.16779929893524126,8.285712780185141e-08,1.155949330868682e-07,1.9308364494918976e-06,1.48867282480569e-08,3.82096808556188e-06,1.6160929670043826e-05,8.691830819124296e-10,7.691742022159218e-07,1.9819548490104475e-05,1.7604007446693445e-05,1.0405613413024501e-05,0.0017144670166327456,0.06876310841811545,1.392299998101019e-05,0.017181813841895544,0.001156199031945081,0.0007354175896526466,0.00018218241561296968,0.0013485480390155733,139798.9404948147,817.6630666932158,923.4010040021172,928.9608112453852,1.2572492233690695e-05,10ng/mL
69,600.0,0.3293555993946035,0.01092718274749643,0.02953305942514223,0.003390591042281409,8.496120256720222e-06,0.0051848572610866395,0.0039003962027215244,0.16779929893524126,8.285712780185141e-08,1.155949330868682e-07,1.9308364494918976e-06,1.48867282480569e-08,3.82096808556188e-06,1.6160929670043826e-05,8.691830819124296e-10,7.691742022159218e-07,1.9819548490104475e-05,1.7604007446693445e-05,1.0405613413024501e-05,0.0017144670166327456,0.06876310841811545,1.392299998101019e-05,0.017181813841895544,0.001156199031945081,0.0007354175896526466,0.00018218241561296968,0.0013485480390155733,49839.63889157928,858.4907629773426,608.2009170127951,1019.2394003592266,1.1400447015367789e-05,10ng/mL
70,600.0,0.3293555993946035,0.01092718274749643,0.02953305942514223,0.003390591042281409,8.496120256720222e-06,0.0051848572610866395,0.0039003962027215244,0.16779929893524126,8.285712780185141e-08,1.155949330868682e-07,1.9308364494918976e-06,1.48867282480569e-08,3.82096808556188e-06,1.6160929670043826e-05,8.691830819124296e-10,7.691742022159218e-07,1.9819548490104475e-05,1.7604007446693445e-05,1.0405613413024501e-05,0.0017144670166327456,0.06876310841811545,1.392299998101019e-05,0.017181813841895544,0.001156199031945081,0.0007354175896526466,0.00018218241561296968,0.0013485480390155733,76367.930769809,998.0503539813703,1058.8321782956577,928.8529028845453,1.0141499989761716e-05,10ng/mL
71,600.0,0.3293555993946035,0.01092718274749643,0.02953305942514223,0.003390591042281409,8.496120256720222e-06,0.0051848572610866395,0.0039003962027215244,0.16779929893524126,8.285712780185141e-08,1.155949330868682e-07,1.9308364494918976e-06,1.48867282480569e-08,3.82096808556188e-06,1.6160929670043826e-05,8.691830819124296e-10,7.691742022159218e-07,1.9819548490104475e-05,1.7604007446693445e-05,1.0405613413024501e-05,0.0017144670166327456,0.06876310841811545,1.392299998101019e-05,0.017181813841895544,0.001156199031945081,0.0007354175896526466,0.00018218241561296968,0.0013485480390155733,85827.71638880053,950.4202651662345,833.7656086050022,966.3562500526466,1.0657401534659488e-05,10ng/mL
72,600.0,0.3293555993946035,0.01092718274749643,0.02953305942514223,0.003390591042281409,8.496120256720222e-06,0.0051848572610866395,0.0039003962027215244,0.16779929893524126,8.285712780185141e-08,1.155949330868682e-07,1.9308364494918976e-06,1.48867282480569e-08,3.82096808556188e-06,1.6160929670043826e-05,8.691830819124296e-10,7.691742022159218e-07,1.9819548490104475e-05,1.7604007446693445e-05,1.0405613413024501e-05,0.0017144670166327456,0.06876310841811545,1.392299998101019e-05,0.017181813841895544,0.001156199031945081,0.0007354175896526466,0.00018218241561296968,0.0013485480390155733,83315.82879863157,814.7318079866899,1039.657513301864,687.77802572794,1.247201367850504e-05,10ng/mL
73,600.0,0.3293555993946035,0.01092718274749643,0.02953305942514223,0.003390591042281409,8.496120256720222e-06,0.0051848572610866395,0.0039003962027215244,0.16779929893524126,8.285712780185141e-08,1.155949330868682e-07,1.9308364494918976e-06,1.48867282480569e-08,3.82096808556188e-06,1.6160929670043826e-05,8.691830819124296e-10,7.691742022159218e-07,1.9819548490104475e-05,1.7604007446693445e-05,1.0405613413024501e-05,0.0017144670166327456,0.06876310841811545,1.392299998101019e-05,0.017181813841895544,0.001156199031945081,0.0007354175896526466,0.00018218241561296968,0.0013485480390155733,119661.99545470356,724.5873149492253,1127.6176963815667,871.6378655468042,6.97905990248947e-06,10ng/mL
74,600.0,0.3293555993946035,0.01092718274749643,0.02953305942514223,0.003390591042281409,8.496120256720222e-06,0.0051848572610866395,0.0039003962027215244,0.16779929893524126,8.285712780185141e-08,1.155949330868682e-07,1.9308364494918976e-06,1.48867282480569e-08,3.82096808556188e-06,1.6160929670043826e-05,8.691830819124296e-10,7.691742022159218e-07,1.9819548490104475e-05,1.7604007446693445e-05,1.0405613413024501e-05,0.0017144670166327456,0.06876310841811545,1.392299998101019e-05,0.017181813841895544,0.001156199031945081,0.0007354175896526466,0.00018218241561296968,0.0013485480390155733,105341.29594225997,884.5493010032386,1043.2409665427538,998.1909003482623,1.0384918048649965e-05,10ng/mL
75,600.0,0.3293555993946035,0.01092718274749643,0.02953305942514223,0.003390591042281409,8.496120256720222e-06,0.0051848572610866395,0.0039003962027215244,0.16779929893524126,8.285712780185141e-08,1.155949330868682e-07,1.9308364494918976e-06,1.48867282480569e-08,3.82096808556188e-06,1.6160929670043826e-05,8.691830819124296e-10,7.691742022159218e-07,1.9819548490104475e-05,1.7604007446693445e-05,1.0405613413024501e-05,0.0017144670166327456,0.06876310841811545,1.392299998101019e-05,0.017181813841895544,0.001156199031945081,0.0007354175896526466,0.00018218241561296968,0.0013485480390155733,153119.056107354,742.1957430196303,679.0235514946949,848.8001242643595,9.256739685709138e-06,10ng/mL
76,600.0,0.3293555993946035,0.01092718274749643,0.02953305942514223,0.003390591042281409,8.496120256720222e-06,0.0051848572610866395,0.0039003962027215244,0.16779929893524126,8.285712780185141e-08,1.155949330868682e-07,1.9308364494918976e-06,1.48867282480569e-08,3.82096808556188e-06,1.6160929670043826e-05,8.691830819124296e-10,7.691742022159218e-07,1.9819548490104475e-05,1.7604007446693445e-05,1.0405613413024501e-05,0.0017144670166327456,0.06876310841811545,1.392299998101019e-05,0.017181813841895544,0.001156199031945081,0.0007354175896526466,0.00018218241561296968,0.0013485480390155733,99112.73706352785,919.0995097258765,1174.0169733691414,695.9598663062062,1.3225033944696405e-05,10ng/mL
77,600.0,0.3293555993946035,0.01092718274749643,0.02953305942514223,0.003390591042281409,8.496120256720222e-06,0.0051848572610866395,0.0039003962027215244,0.16779929893524126,8.285712780185141e-08,1.155949330868682e-07,1.9308364494918976e-06,1.48867282480569e-08,3.82096808556188e-06,1.6160929670043826e-05,8.691830819124296e-10,7.691742022159218e-07,1.9819548490104475e-05,1.7604007446693445e-05,1.0405613413024501e-05,0.0017144670166327456,0.06876310841811545,1.392299998101019e-05,0.017181813841895544,0.001156199031945081,0.0007354175896526466,0.00018218241561296968,0.0013485480390155733,101683.73390985772,953.6954014688084,750.534410832389,1294.0132721955663,9.217605264467503e-06,10ng/mL
78,600.0,0.3293555993946035,0.01092718274749643,0.02953305942514223,0.003390591042281409,8.496120256720222e-06,0.0051848572610866395,0.0039003962027215244,0.16779929893524126,8.285712780185141e-08,1.155949330868682e-07,1.9308364494918976e-06,1.48867282480569e-08,3.82096808556188e-06,1.6160929670043826e-05,8.691830819124296e-10,7.691742022159218e-07,1.9819548490104475e-05,1.7604007446693445e-05,1.0405613413024501e-05,0.0017144670166327456,0.06876310841811545,1.392299998101019e-05,0.017181813841895544,0.001156199031945081,0.0007354175896526466,0.00018218241561296968,0.0013485480390155733,92887.89622979278,866.9629175706881,1178.4032346343795,994.2331834079295,8.684223293186298e-06,10ng/mL
79,600.0,0.3293555993946035,0.01092718274749643,0.02953305942514223,0.003390591042281409,8.496120256720222e-06,0.0051848572610866395,0.0039003962027215244,0.16779929893524126,8.285712780185141e-08,1.155949330868682e-07,1.9308364494918976e-06,1.48867282480569e-08,3.82096808556188e-06,1.6160929670043826e-05,8.691830819124296e-10,7.691742022159218e-07,1.9819548490104475e-05,1.7604007446693445e-05,1.0405613413024501e-05,0.0017144670166327456,0.06876310841811545,1.392299998101019e-05,0.017181813841895544,0.001156199031945081,0.0007354175896526466,0.00018218241561296968,0.0013485480390155733,81634.87972753942,1063.3991950737354,868.9059265185494,980.9582159216781,9.777950924289325e-06,10ng/mL
80,600.0,0.3293555993946035,0.01092718274749643,0.02953305942514223,0.003390591042281409,8.496120256720222e-06,0.0051848572610866395,0.0039003962027215244,0.16779929893524126,8.285712780185141e-08,1.155949330868682e-07,1.9308364494918976e-06,1.48867282480569e-08,3.82096808556188e-06,1.6160929670043826e-05,8.691830819124296e-10,7.691742022159218e-07,1.9819548490104475e-05,1.7604007446693445e-05,1.0405613413024501e-05,0.0017144670166327456,0.06876310841811545,1.392299998101019e-05,0.017181813841895544,0.001156199031945081,0.0007354175896526466,0.00018218241561296968,0.0013485480390155733,97519.89477206659,1431.5214389956047,867.5761502275575,919.8252438216523,1.3770933557144169e-05,10ng/mL
81,600.0,0.3293555993946035,0.01092718274749643,0.02953305942514223,0.003390591042281409,8.496120256720222e-06,0.0051848572610866395,0.0039003962027215244,0.16779929893524126,8.285712780185141e-08,1.155949330868682e-07,1.9308364494918976e-06,1.48867282480569e-08,3.82096808556188e-06,1.6160929670043826e-05,8.691830819124296e-10,7.691742022159218e-07,1.9819548490104475e-05,1.7604007446693445e-05,1.0405613413024501e-05,0.0017144670166327456,0.06876310841811545,1.392299998101019e-05,0.017181813841895544,0.001156199031945081,0.0007354175896526466,0.00018218241561296968,0.0013485480390155733,74608.990758892,792.2475282090039,917.313349154192,1027.7526013496822,8.626972138900866e-06,10ng/mL
82,600.0,0.3293555993946035,0.01092718274749643,0.02953305942514223,0.003390591042281409,8.496120256720222e-06,0.0051848572610866395,0.0039003962027215244,0.16779929893524126,8.285712780185141e-08,1.155949330868682e-07,1.9308364494918976e-06,1.48867282480569e-08,3.82096808556188e-06,1.6160929670043826e-05,8.691830819124296e-10,7.691742022159218e-07,1.9819548490104475e-05,1.7604007446693445e-05,1.0405613413024501e-05,0.0017144670166327456,0.06876310841811545,1.392299998101019e-05,0.017181813841895544,0.001156199031945081,0.0007354175896526466,0.00018218241561296968,0.0013485480390155733,135243.11124749912,722.7756194374721,983.391333241557,701.5015069415801,9.043820444229424e-06,10ng/mL
83,600.0,0.3293555993946035,0.01092718274749643,0.02953305942514223,0.003390591042281409,8.496120256720222e-06,0.0051848572610866395,0.0039003962027215244,0.16779929893524126,8.285712780185141e-08,1.155949330868682e-07,1.9308364494918976e-06,1.48867282480569e-08,3.82096808556188e-06,1.6160929670043826e-05,8.691830819124296e-10,7.691742022159218e-07,1.9819548490104475e-05,1.7604007446693445e-05,1.0405613413024501e-05,0.0017144670166327456,0.06876310841811545,1.392299998101019e-05,0.017181813841895544,0.001156199031945081,0.0007354175896526466,0.00018218241561296968,0.0013485480390155733,68736.67979257037,1102.9459141157997,962.146616055664,970.9517402124878,1.1074455327643305e-05,10ng/mL
84,600.0,0.3293555993946035,0.01092718274749643,0.02953305942514223,0.003390591042281409,8.496120256720222e-06,0.0051848572610866395,0.0039003962027215244,0.16779929893524126,8.285712780185141e-08,1.155949330868682e-07,1.9308364494918976e-06,1.48867282480569e-08,3.82096808556188e-06,1.6160929670043826e-05,8.691830819124296e-10,7.691742022159218e-07,1.9819548490104475e-05,1.7604007446693445e-05,1.0405613413024501e-05,0.0017144670166327456,0.06876310841811545,1.392299998101019e-05,0.017181813841895544,0.001156199031945081,0.0007354175896526466,0.00018218241561296968,0.0013485480390155733,94381.0312609773,764.835675911252,1066.0776505882172,856.5868093910578,7.737445290748196e-06,10ng/mL
85,600.0,0.3293555993946035,0.01092718274749643,0.02953305942514223,0.003390591042281409,8.496120256720222e-06,0.0051848572610866395,0.0039003962027215244,0.16779929893524126,8.285712780185141e-08,1.155949330868682e-07,1.9308364494918976e-06,1.48867282480569e-08,3.82096808556188e-06,1.6160929670043826e-05,8.691830819124296e-10,7.691742022159218e-07,1.9819548490104475e-05,1.7604007446693445e-05,1.0405613413024501e-05,0.0017144670166327456,0.06876310841811545,1.392299998101019e-05,0.017181813841895544,0.001156199031945081,0.0007354175896526466,0.00018218241561296968,0.0013485480390155733,71335.90983496328,995.8577992451491,869.3336287747608,994.1182056554,1.544808536566671e-05,10ng/mL
86,600.0,0.3293555993946035,0.01092718274749643,0.02953305942514223,0.003390591042281409,8.496120256720222e-06,0.0051848572610866395,0.0039003962027215244,0.16779929893524126,8.285712780185141e-08,1.155949330868682e-07,1.9308364494918976e-06,1.48867282480569e-08,3.82096808556188e-06,1.6160929670043826e-05,8.691830819124296e-10,7.691742022159218e-07,1.9819548490104475e-05,1.7604007446693445e-05,1.0405613413024501e-05,0.0017144670166327456,0.06876310841811545,1.392299998101019e-05,0.017181813841895544,0.001156199031945081,0.0007354175896526466,0.00018218241561296968,0.0013485480390155733,102050.90183207343,1061.8410039062767,878.9581284616069,1255.0366072113595,1.1632043436555095e-05,10ng/mL
87,600.0,0.3293555993946035,0.01092718274749643,0.02953305942514223,0.003390591042281409,8.496120256720222e-06,0.0051848572610866395,0.0039003962027215244,0.16779929893524126,8.285712780185141e-08,1.155949330868682e-07,1.9308364494918976e-06,1.48867282480569e-08,3.82096808556188e-06,1.6160929670043826e-05,8.691830819124296e-10,7.691742022159218e-07,1.9819548490104475e-05,1.7604007446693445e-05,1.0405613413024501e-05,0.0017144670166327456,0.06876310841811545,1.392299998101019e-05,0.017181813841895544,0.001156199031945081,0.0007354175896526466,0.00018218241561296968,0.0013485480390155733,80207.519132936,748.4225752560229,1484.7003985719339,1073.5857402024853,1.0800918428994039e-05,10ng/mL
88,600.0,0.3293555993946035,0.01092718274749643,0.02953305942514223,0.003390591042281409,8.496120256720222e-06,0.0051848572610866395,0.0039003962027215244,0.16779929893524126,8.285712780185141e-08,1.155949330868682e-07,1.9308364494918976e-06,1.48867282480569e-08,3.82096808556188e-06,1.6160929670043826e-05,8.691830819124296e-10,7.691742022159218e-07,1.9819548490104475e-05,1.7604007446693445e-05,1.0405613413024501e-05,0.0017144670166327456,0.06876310841811545,1.392299998101019e-05,0.017181813841895544,0.001156199031945081,0.0007354175896526466,0.00018218241561296968,0.0013485480390155733,79200.48277960414,839.5178081447597,766.9974670457822,1316.7374759491352,1.318119020575925e-05,10ng/mL
89,600.0,0.3293555993946035,0.01092718274749643,0.02953305942514223,0.003390591042281409,8.496120256720222e-06,0.0051848572610866395,0.0039003962027215244,0.16779929893524126,8.285712780185141e-08,1.155949330868682e-07,1.9308364494918976e-06,1.48867282480569e-08,3.82096808556188e-06,1.6160929670043826e-05,8.691830819124296e-10,7.691742022159218e-07,1.9819548490104475e-05,1.7604007446693445e-05,1.0405613413024501e-05,0.0017144670166327456,0.06876310841811545,1.392299998101019e-05,0.017181813841895544,0.001156199031945081,0.0007354175896526466,0.00018218241561296968,0.0013485480390155733,115145.42272108732,768.8107947171608,838.4127896942683,1035.7646402663365,1.0024353252045609e-05,10ng/mL
90,600.0,0.3293555993946035,0.01092718274749643,0.02953305942514223,0.003390591042281409,8.496120256720222e-06,0.0051848572610866395,0.0039003962027215244,0.16779929893524126,8.285712780185141e-08,1.155949330868682e-07,1.9308364494918976e-06,1.48867282480569e-08,3.82096808556188e-06,1.6160929670043826e-05,8.691830819124296e-10,7.691742022159218e-07,1.9819548490104475e-05,1.7604007446693445e-05,1.0405613413024501e-05,0.0017144670166327456,0.06876310841811545,1.392299998101019e-05,0.017181813841895544,0.001156199031945081,0.0007354175896526466,0.00018218241561296968,0.0013485480390155733,95999.20522033879,790.7526169363279,1475.5658164371025,1320.9438746062372,1.15026226150052e-05,10ng/mL
91,600.0,0.3293555993946035,0.01092718274749643,0.02953305942514223,0.003390591042281409,8.496120256720222e-06,0.0051848572610866395,0.0039003962027215244,0.16779929893524126,8.285712780185141e-08,1.155949330868682e-07,1.9308364494918976e-06,1.48867282480569e-08,3.82096808556188e-06,1.6160929670043826e-05,8.691830819124296e-10,7.691742022159218e-07,1.9819548490104475e-05,1.7604007446693445e-05,1.0405613413024501e-05,0.0017144670166327456,0.06876310841811545,1.392299998101019e-05,0.017181813841895544,0.001156199031945081,0.0007354175896526466,0.00018218241561296968,0.0013485480390155733,81344.97282923703,1202.5193330061616,1004.2760100072057,795.959362480154,1.0356825785447037e-05,10ng/mL
92,600.0,0.3293555993946035,0.01092718274749643,0.02953305942514223,0.003390591042281409,8.496120256720222e-06,0.0051848572610866395,0.0039003962027215244,0.16779929893524126,8.285712780185141e-08,1.155949330868682e-07,1.9308364494918976e-06,1.48867282480569e-08,3.82096808556188e-06,1.6160929670043826e-05,8.691830819124296e-10,7.691742022159218e-07,1.9819548490104475e-05,1.7604007446693445e-05,1.0405613413024501e-05,0.0017144670166327456,0.06876310841811545,1.392299998101019e-05,0.017181813841895544,0.001156199031945081,0.0007354175896526466,0.00018218241561296968,0.0013485480390155733,93337.09035224182,881.6940860608009,1085.76002690422,808.6516435382731,1.0952261737959746e-05,10ng/mL
93,600.0,0.3293555993946035,0.01092718274749643,0.02953305942514223,0.003390591042281409,8.496120256720222e-06,0.0051848572610866395,0.0039003962027215244,0.16779929893524126,8.285712780185141e-08,1.155949330868682e-07,1.9308364494918976e-06,1.48867282480569e-08,3.82096808556188e-06,1.6160929670043826e-05,8.691830819124296e-10,7.691742022159218e-07,1.9819548490104475e-05,1.7604007446693445e-05,1.0405613413024501e-05,0.0017144670166327456,0.06876310841811545,1.392299998101019e-05,0.017181813841895544,0.001156199031945081,0.0007354175896526466,0.00018218241561296968,0.0013485480390155733,105174.22949595402,627.4382207756933,809.8610306673531,1056.0317877568066,9.884846357748585e-06,10ng/mL
94,600.0,0.3293555993946035,0.01092718274749643,0.02953305942514223,0.003390591042281409,8.496120256720222e-06,0.0051848572610866395,0.0039003962027215244,0.16779929893524126,8.285712780185141e-08,1.155949330868682e-07,1.9308364494918976e-06,1.48867282480569e-08,3.82096808556188e-06,1.6160929670043826e-05,8.691830819124296e-10,7.691742022159218e-07,1.9819548490104475e-05,1.7604007446693445e-05,1.0405613413024501e-05,0.0017144670166327456,0.06876310841811545,1.392299998101019e-05,0.017181813841895544,0.001156199031945081,0.0007354175896526466,0.00018218241561296968,0.0013485480390155733,92966.3594856979,972.6253971636406,1031.0618017889901,699.4064709380383,1.1100333865657997e-05,10ng/mL
95,600.0,0.3293555993946035,0.01092718274749643,0.02953305942514223,0.003390591042281409,8.496120256720222e-06,0.0051848572610866395,0.0039003962027215244,0.16779929893524126,8.285712780185141e-08,1.155949330868682e-07,1.9308364494918976e-06,1.48867282480569e-08,3.82096808556188e-06,1.6160929670043826e-05,8.691830819124296e-10,7.691742022159218e-07,1.9819548490104475e-05,1.7604007446693445e-05,1.0405613413024501e-05,0.0017144670166327456,0.06876310841811545,1.392299998101019e-05,0.017181813841895544,0.001156199031945081,0.0007354175896526466,0.00018218241561296968,0.0013485480390155733,118298.20675972242,872.4003777240183,1424.0145194960803,1080.0881886386708,1.1670709893810668e-05,10ng/mL
96,600.0,0.3293555993946035,0.01092718274749643,0.02953305942514223,0.003390591042281409,8.496120256720222e-06,0.0051848572610866395,0.0039003962027215244,0.16779929893524126,8.285712780185141e-08,1.155949330868682e-07,1.9308364494918976e-06,1.48867282480569e-08,3.82096808556188e-06,1.6160929670043826e-05,8.691830819124296e-10,7.691742022159218e-07,1.9819548490104475e-05,1.7604007446693445e-05,1.0405613413024501e-05,0.0017144670166327456,0.06876310841811545,1.392299998101019e-05,0.017181813841895544,0.001156199031945081,0.0007354175896526466,0.00018218241561296968,0.0013485480390155733,111095.55901729595,859.619645183158,1164.241011630501,1326.8760395767636,9.797418819492055e-06,10ng/mL
97,600.0,0.3293555993946035,0.01092718274749643,0.02953305942514223,0.003390591042281409,8.496120256720222e-06,0.0051848572610866395,0.0039003962027215244,0.16779929893524126,8.285712780185141e-08,1.155949330868682e-07,1.9308364494918976e-06,1.48867282480569e-08,3.82096808556188e-06,1.6160929670043826e-05,8.691830819124296e-10,7.691742022159218e-07,1.9819548490104475e-05,1.7604007446693445e-05,1.0405613413024501e-05,0.0017144670166327456,0.06876310841811545,1.392299998101019e-05,0.017181813841895544,0.001156199031945081,0.0007354175896526466,0.00018218241561296968,0.0013485480390155733,129516.1741313272,830.0948362261304,974.2622391466434,988.9149609849442,1.2969004779085992e-05,10ng/mL
98,600.0,0.3293555993946035,0.01092718274749643,0.02953305942514223,0.003390591042281409,8.496120256720222e-06,0.0051848572610866395,0.0039003962027215244,0.16779929893524126,8.285712780185141e-08,1.155949330868682e-07,1.9308364494918976e-06,1.48867282480569e-08,3.82096808556188e-06,1.6160929670043826e-05,8.691830819124296e-10,7.691742022159218e-07,1.9819548490104475e-05,1.7604007446693445e-05,1.0405613413024501e-05,0.0017144670166327456,0.06876310841811545,1.392299998101019e-05,0.017181813841895544,0.001156199031945081,0.0007354175896526466,0.00018218241561296968,0.0013485480390155733,93681.51261968094,718.1622682302456,1080.0572471881133,915.7740649115242,1.0919032685061267e-05,10ng/mL
99,600.0,0.3293555993946035,0.01092718274749643,0.02953305942514223,0.003390591042281409,8.496120256720222e-06,0.0051848572610866395,0.0039003962027215244,0.16779929893524126,8.285712780185141e-08,1.155949330868682e-07,1.9308364494918976e-06,1.48867282480569e-08,3.82096808556188e-06,1.6160929670043826e-05,8.691830819124296e-10,7.691742022159218e-07,1.9819548490104475e-05,1.7604007446693445e-05,1.0405613413024501e-05,0.0017144670166327456,0.06876310841811545,1.392299998101019e-05,0.017181813841895544,0.001156199031945081,0.0007354175896526466,0.00018218241561296968,0.0013485480390155733,86885.20625781208,818.6909720047312,1077.1704455486984,1118.3876971626585,1.2980955615556788e-05,10ng/mL
